Row,Quantity Per PCB,References,Value,Datasheet,Footprint,Description,Manufacturer,Manufacturer Part Number,Supplier Part Number
1,2,C41 C42,100pF,https://pim.murata.com/asset/pim4/ceramicCapacitorSMD/GCM1555C1H101JA16-01A-EN_PDF_CERAMICCAPACITORSMD,C_0402_1005Metric,"100 pF ±5% 50V Ceramic Capacitor C0G, NP0 0402 (1005 Metric)",Murata Electronics,GCM1555C1H101JA16D,
2,4,C37 C38 C39 C40,220pF,https://pim.murata.com/asset/pim4/ceramicCapacitorSMD/GCM1555C1H221JA16-01A-EN_PDF_CERAMICCAPACITORSMD,C_0402_1005Metric,"220 pF ±5% 50V Ceramic Capacitor C0G, NP0 0402 (1005 Metric)",Murata Electronics,GCM1555C1H221JA16D,
3,1,C1,10nF,https://yageogroup.com/content/datasheet/asset/file/KEM_C1023_X7R_AUTO_SMD,C_0603_1608Metric,10000 pF ±10% 100V Ceramic Capacitor X7R 0603 (1608 Metric),KEMET,C0603C103K1RACAUTO,
4,10,C25 C27 C29 C30 C31 C32 C33 C34 C35 C36,0.1µF,https://pim.murata.com/asset/pim4/ceramicCapacitorSMD/GCM155R71H104KE02-01A-EN_PDF_CERAMICCAPACITORSMD,C_0402_1005Metric,0.1 µF (100nF) ±10% 50V Ceramic Capacitor X7R 0402 (1005 Metric),Murata Electronics,GCM155R71H104KE02J,
5,1,C28,0.22µF,https://yageogroup.com/content/datasheet/asset/file/KEM_C1078_X7R_FT-CAP_AUTO_SMD,C_0805_2012Metric,0.22 µF ±10% 100V Ceramic Capacitor X7R 0805 (2012 Metric),KEMET,C0805X224K1RACAUTO,
6,19,C2 C3 C4 C5 C6 C7 C8 C9 C10 C11 C12 C13 C14 C15 C16 C17 C18 C19 C20,0.47µF,https://product.tdk.com/en/system/files/dam/doc/product/capacitor/ceramic/mlcc/catalog/mlcc_automotive_soft_en.pdf,C_0603_1608Metric,0.47 µF ±10% 50V Ceramic Capacitor X7R 0603 (1608 Metric),TDK,CGA3E3X7R1H474K080AE,
7,3,C22 C23 C26,1µF,https://yageogroup.com/content/datasheet/asset/file/KEM_C1023_X7R_AUTO_SMD,C_0603_1608Metric,1 µF ±10% 10V Ceramic Capacitor X7R 0603 (1608 Metric),KEMET,C0603C105K8RACAUTO,
8,1,C21,2.2µF,https://product.tdk.com/en/system/files/dam/doc/product/capacitor/ceramic/mlcc/catalog/mlcc_automotive_soft_en.pdf,C_0805_2012Metric,2.2 µF ±10% 50V Ceramic Capacitor X7R 0805 (2012 Metric),TDK,CGA4J3X7R1H225K125AE,
9,1,C24,4.7µF,https://mm.digikey.com/Volume0/opasdata/d220001/medias/docus/658/CL31B475KBHNFNE_Spec.pdf,C_1206_3216Metric,4.7 µF ±10% 50V Ceramic Capacitor X7R 1206 (3216 Metric),Samsung Electro-Mechanics,CL31B475KBHNFNE,
10,2,CR1 CR2,"PESD1CAN,215",https://assets.nexperia.com/documents/data-sheet/PESD1CAN.pdf,SOT23_PESD1_NEX,70V Clamp 3A (8/20µs) Ipp Tvs Diode Surface Mount TO-236AB,Nexperia USA Inc.,"PESD1CAN,215",
11,1,D1,Green,https://optoelectronics.liteon.com/upload/download/DS22-2000-074/LTST-C190KGKT.PDF,LED_0603_1608Metric,Green 572nm LED Indication - Discrete 2.15V 0603 (1608 Metric),Lite-On Inc.,LTST-C190KGKT,
12,1,D2,NSVR0340HT1G,https://www.onsemi.com/pdf/datasheet/nsr0340h-d.pdf,SOD-323_1P7X1P25_ONS,Diode 40 V 250mA Surface Mount SOD-323,onsemi,NSVR0340HT1G,
13,1,J2,0430450212,https://tools.molex.com/pdm_docs/ps/PS-43045.pdf,CONN_SD-43045-005_02_MOL,Connector Header Through Hole 2 position,Molex,0430450212,
14,1,J3,0430451612,https://www.molex.com/content/dam/molex/molex-dot-com/products/automated/en-us/salesdrawingpdf/430/43045/430451612_sd.pdf?inline,CONN_SD-43045-005_16_MOL,"Connector Header Through Hole 16 position 0.118"" (3.00mm)",Molex,0430451612,
15,1,J1,0436500218,https://tools.molex.com/pdm_docs/ps/PS-43650.pdf,CONN_SD-43650-007_02_MOL,"Connector Header Through Hole 2 position 0.118"" (3.00mm)",Molex,0436500218,
16,1,J4,0436501200,https://www.molex.com/content/dam/molex/molex-dot-com/products/automated/en-us/salesdrawingpdf/436/43650/436501200_sd.pdf?inline,CONN_SD-43650-001_12_MOL,"Connector Header Through Hole, Right Angle 12 position 0.118"" (3.00mm)",Molex,0436501200,
17,1,Q1,ZXTN4004KQTC,https://www.diodes.com/assets/Datasheets/ZXTN4004K.pdf,DPAK_04KQTC_DIO,Bipolar (BJT) Transistor NPN 150 V 1 A 3.8 W Surface Mount TO-252-3,Diodes Incorporated,ZXTN4004KQTC,
18,9,R3 R5 R7 R9 R11 R13 R15 R17 R19,10,https://www.vishay.com/docs/20035/dcrcwe3.pdf,R_2512_6332Metric,10 Ohms ±1% 1W Chip Resistor 2512 (6332 Metric) Automotive AEC-Q200 Thick Film,Vishay Dale,CRCW251210R0FKEG,
19,1,R1,30,https://industrial.panasonic.com/cdbs/www-data/pdf/RDO0000/AOA0000C331.pdf,R_0603_1608Metric,"30 Ohms ±1% 0.333W, 1/3W Chip Resistor 0603 (1608 Metric) Automotive AEC-Q200, Pulse Withstanding Thick Film",Panasonic Industry,ERJ-PA3F30R0V,
20,4,R41 R42 R43 R44,49.9,https://www.vishay.com/docs/20035/dcrcwe3.pdf,R_0402_1005Metric,"49.9 Ohms ±1% 0.063W, 1/16W Chip Resistor 0402 (1005 Metric) Automotive AEC-Q200 Thick Film",Vishay Dale,CRCW040249R9FKED,
21,9,R2 R4 R6 R8 R10 R12 R14 R16 R18,100,https://www.digikey.com/en/products/detail/panasonic-industry/ERJ-PA3F1000V/5035847?s=N4IgTCBcDaIKICUBSBaACgQQMwDECMADEQGogC6AvkA,R_0603_1608Metric,"100 Ohms ±1% 0.333W, 1/3W Chip Resistor 0603 (1608 Metric) Automotive AEC-Q200, Pulse Withstanding Thick Film",Panasonic Industry,ERJ-PA3F1000V,
22,2,R20 R21,150,https://www.vishay.com/docs/20035/dcrcwe3.pdf,R_1210_3225Metric,"150 Ohms ±1% 0.5W, 1/2W Chip Resistor 1210 (3225 Metric) Automotive AEC-Q200 Thick Film",Vishay Dale,CRCW1210150RFKEA,
23,2,R39 R40,1k,https://industrial.panasonic.com/cdbs/www-data/pdf/RDA0000/AOA0000C304.pdf,R_0402_1005Metric,"1 kOhms ±1% 0.1W, 1/10W Chip Resistor 0402 (1005 Metric) Automotive AEC-Q200 Thick Film",Panasonic Industry,ERJ-2RKF1001X,
24,1,R22,2k,https://industrial.panasonic.com/cdbs/www-data/pdf/RDM0000/AOA0000C307.pdf,R_0402_1005Metric,"2 kOhms ±0.1% 0.063W, 1/16W Chip Resistor 0402 (1005 Metric) Automotive AEC-Q200 Thin Film",Panasonic Industry,ERA-2APB202X,
25,8,R23 R24 R25 R26 R27 R28 R29 R30,3.3k,https://industrial.panasonic.com/cdbs/www-data/pdf/RDO0000/AOA0000C331.pdf,R_0603_1608Metric,"3.3 kOhms ±1% 0.333W, 1/3W Chip Resistor 0603 (1608 Metric) Automotive AEC-Q200, Pulse Withstanding Thick Film",Panasonic Industry,ERJ-PA3F3301V,
26,8,R31 R32 R33 R34 R35 R36 R37 R38,10k,https://industrial.panasonic.com/cdbs/www-data/pdf/RDO0000/AOA0000C331.pdf,R_0402_1005Metric,"10 kOhms ±1% 0.2W, 1/5W Chip Resistor 0402 (1005 Metric) Automotive AEC-Q200, Pulse Withstanding Thick Film",Panasonic Industry,ERJ-PA2F1002X,
27,1,U1,BQ79616PAPRQ1,https://www.ti.com/lit/ds/symlink/bq79612-q1.pdf,BQ79616PAPRQ1,Battery Multi-Function Controller IC Lithium Ion 64-HTQFP (10x10),Texas Instruments,BQ79616PAPRQ1,
28,2,U2 U3,SM91502ALA-E,https://www.bourns.com/docs/product-datasheets/sm91502ala.pdf,IC6_SM91502ALA-E_BRN,150µH Pulse Transformer 1:1 Surface Mount,Bourns Inc.,SM91502ALA-E,
