Ref,Val,Package,PosX,PosY,Rot,Side
"C1","10nF","C_0603_1608Metric",-22.6750,1.2250,-90.0000,top
"C2","0.47µF","C_0603_1608Metric",-20.7500,8.7500,90.0000,top
"C3","0.47µF","C_0603_1608Metric",-8.2500,3.2500,90.0000,top
"C4","0.47µF","C_0603_1608Metric",-8.0000,8.2750,90.0000,top
"C5","0.47µF","C_0603_1608Metric",-22.0000,13.0000,90.0000,top
"C6","0.47µF","C_0603_1608Metric",-21.7500,18.0000,90.0000,top
"C7","0.47µF","C_0603_1608Metric",-21.5000,22.7250,90.0000,top
"C8","0.47µF","C_0603_1608Metric",-21.0000,27.7500,90.0000,top
"C9","0.47µF","C_0603_1608Metric",-20.7500,32.7500,90.0000,top
"C10","0.47µF","C_0603_1608Metric",-21.5000,38.0000,90.0000,top
"C11","0.47µF","C_0603_1608Metric",-21.5000,43.0000,90.0000,top
"C12","0.47µF","C_0603_1608Metric",-21.0000,48.7250,90.0000,top
"C13","0.47µF","C_0603_1608Metric",-8.0000,13.0000,90.0000,top
"C14","0.47µF","C_0603_1608Metric",-7.7500,17.7500,90.0000,top
"C15","0.47µF","C_0603_1608Metric",-7.5000,22.7250,90.0000,top
"C16","0.47µF","C_0603_1608Metric",-7.2500,27.7500,90.0000,top
"C17","0.47µF","C_0603_1608Metric",-7.2500,32.5250,90.0000,top
"C18","0.47µF","C_0603_1608Metric",-7.5000,37.5000,90.0000,top
"C19","0.47µF","C_0603_1608Metric",-8.0000,42.2750,90.0000,top
"C20","0.47µF","C_0603_1608Metric",-8.0000,47.0000,90.0000,top
"C21","2.2µF","C_0805_2012Metric",38.2750,23.8750,0.0000,top
"C22","1µF","C_0603_1608Metric",41.7500,13.9250,180.0000,top
"C23","1µF","C_0603_1608Metric",63.1820,53.7974,0.0000,top
"C24","4.7µF","C_1206_3216Metric",41.2750,23.0000,90.0000,top
"C25","0.1µF","C_0402_1005Metric",39.5750,21.6000,90.0000,top
"C26","1µF","C_0603_1608Metric",35.0250,23.6250,180.0000,top
"C27","0.1µF","C_0402_1005Metric",43.7500,62.6931,180.0000,top
"C28","0.22µF","C_0805_2012Metric",67.4120,53.0474,0.0000,top
"C29","0.1µF","C_0402_1005Metric",21.5250,33.0000,180.0000,top
"C30","0.1µF","C_0402_1005Metric",26.7000,33.0250,0.0000,top
"C31","0.1µF","C_0402_1005Metric",28.7250,32.9250,180.0000,top
"C32","0.1µF","C_0402_1005Metric",33.6250,32.9000,0.0000,top
"C33","0.1µF","C_0402_1005Metric",35.5500,32.9250,180.0000,top
"C34","0.1µF","C_0402_1005Metric",40.6000,32.9250,0.0000,top
"C35","0.1µF","C_0402_1005Metric",42.5000,32.9250,180.0000,top
"C36","0.1µF","C_0402_1005Metric",47.5800,32.9250,0.0000,top
"C37","220pF","C_0402_1005Metric",48.4534,16.4300,90.0000,top
"C38","220pF","C_0402_1005Metric",48.4534,13.5700,-90.0000,top
"C39","220pF","C_0402_1005Metric",48.4500,28.9300,90.0000,top
"C40","220pF","C_0402_1005Metric",48.4500,26.0700,-90.0000,top
"C41","100pF","C_0402_1005Metric",55.6534,15.0000,180.0000,top
"C42","100pF","C_0402_1005Metric",55.7000,27.5000,180.0000,top
"CR1","PESD1CAN,215","SOT23_PESD1_NEX",52.7535,15.0000,0.0000,top
"CR2","PESD1CAN,215","SOT23_PESD1_NEX",52.7535,27.5000,0.0000,top
"D1","Green","LED_0603_1608Metric",67.4874,50.2874,0.0000,top
"D2","NSVR0340HT1G","SOD-323_1P7X1P25_ONS",35.7750,26.1250,-90.0000,top
"FID1","Fiducial","Fiducial_0.5mm_Mask1mm",10.5000,-20.6500,0.0000,top
"FID2","Fiducial","Fiducial_0.5mm_Mask1mm",10.5000,-23.2000,0.0000,top
"FID3","Fiducial","Fiducial_0.5mm_Mask1mm",10.5000,-25.7500,0.0000,top
"H1","MountingHole","MountingHole_3.2mm_M3",3.7500,3.7500,0.0000,top
"H2","MountingHole","MountingHole_3.2mm_M3",71.2500,3.7500,0.0000,top
"H3","MountingHole","MountingHole_3.2mm_M3",71.2500,41.2500,0.0000,top
"H4","MountingHole","MountingHole_3.2mm_M3",3.7500,41.2500,0.0000,top
"J1","0436500218","CONN_SD-43650-007_02_MOL",70.7500,16.5500,90.0000,top
"J2","0430450212","CONN_SD-43045-005_02_MOL",70.7500,28.9685,180.0000,top
"J3","0430451612","CONN_SD-43045-005_16_MOL",46.0000,38.2500,0.0000,top
"J4","0436501200","CONN_SD-43650-001_12_MOL",-31.2500,9.0000,-90.0000,top
"J4","0436501200","CONN_SD-43650-001_12_MOL",-75.1857,-27.0896,-90.0000,top
"Q1","ZXTN4004KQTC","DPAK_04KQTC_DIO",30.9330,56.7676,0.0000,top
"R1","30","R_0603_1608Metric",-25.0000,2.0000,0.0000,top
"R2","100","R_0603_1608Metric",-23.0000,7.0000,0.0000,top
"R3","10","R_2512_6332Metric",-13.0000,5.5000,0.0000,top
"R4","100","R_0603_1608Metric",-23.0000,10.0000,0.0000,top
"R5","10","R_2512_6332Metric",-13.0000,10.4100,0.0000,top
"R6","100","R_0603_1608Metric",-23.0000,15.5000,0.0000,top
"R7","10","R_2512_6332Metric",-13.0000,15.3200,0.0000,top
"R8","100","R_0603_1608Metric",-22.1750,20.5000,0.0000,top
"R9","10","R_2512_6332Metric",-13.0000,20.2300,0.0000,top
"R10","100","R_0603_1608Metric",-22.1750,24.9900,0.0000,top
"R11","10","R_2512_6332Metric",-13.0000,25.1400,0.0000,top
"R12","100","R_0603_1608Metric",-22.1750,30.5000,0.0000,top
"R13","10","R_2512_6332Metric",-13.0000,30.0500,0.0000,top
"R14","100","R_0603_1608Metric",-22.1750,35.0000,0.0000,top
"R15","10","R_2512_6332Metric",-13.0000,34.9600,0.0000,top
"R16","100","R_0603_1608Metric",-22.0000,40.5000,0.0000,top
"R17","10","R_2512_6332Metric",-13.0000,39.8700,0.0000,top
"R18","100","R_0603_1608Metric",-22.0000,46.0000,0.0000,top
"R19","10","R_2512_6332Metric",-13.0000,44.5000,0.0000,top
"R20","150","R_1210_3225Metric",49.5000,48.9431,-90.0000,top
"R21","150","R_1210_3225Metric",46.0000,48.9431,90.0000,top
"R22","2k","R_0402_1005Metric",68.2420,61.0474,0.0000,top
"R23","3.3k","R_0603_1608Metric",23.2750,33.9350,90.0000,top
"R24","3.3k","R_0603_1608Metric",24.8500,33.9250,90.0000,top
"R25","3.3k","R_0603_1608Metric",30.4000,33.9250,90.0000,top
"R26","3.3k","R_0603_1608Metric",31.9250,33.9250,90.0000,top
"R27","3.3k","R_0603_1608Metric",37.3250,33.9000,90.0000,top
"R28","3.3k","R_0603_1608Metric",38.8500,33.9000,90.0000,top
"R29","3.3k","R_0603_1608Metric",44.1750,33.9250,90.0000,top
"R30","3.3k","R_0603_1608Metric",45.7250,33.9000,90.0000,top
"R31","10k","R_0402_1005Metric",21.9750,34.4500,-90.0000,top
"R32","10k","R_0402_1005Metric",26.1500,34.4750,-90.0000,top
"R33","10k","R_0402_1005Metric",29.1500,34.4500,90.0000,top
"R34","10k","R_0402_1005Metric",33.2000,34.4750,-90.0000,top
"R35","10k","R_0402_1005Metric",36.0250,34.4000,90.0000,top
"R36","10k","R_0402_1005Metric",40.1250,34.4400,-90.0000,top
"R37","10k","R_0402_1005Metric",42.9000,34.4400,90.0000,top
"R38","10k","R_0402_1005Metric",47.0500,34.4750,90.0000,top
"R39","1k","R_0402_1005Metric",47.4534,15.0000,-90.0000,top
"R40","1k","R_0402_1005Metric",47.4500,27.6000,-90.0000,top
"R41","49.9","R_0402_1005Metric",49.8534,15.9500,0.0000,top
"R42","49.9","R_0402_1005Metric",49.8534,14.0500,0.0000,top
"R43","49.9","R_0402_1005Metric",49.9000,28.4500,0.0000,top
"R44","49.9","R_0402_1005Metric",49.9000,26.5500,0.0000,top
"TP1","","TestPoint_Pad_D2.0mm",-5.0000,-33.0500,0.0000,top
"TP2","","TestPoint_Pad_D2.0mm",-5.0000,-37.1000,0.0000,top
"TP3","","TestPoint_Pad_D2.0mm",-0.9500,-33.0500,0.0000,top
"TP4","","TestPoint_Pad_D2.0mm",-0.9500,-37.1000,0.0000,top
"TP5","","TestPoint_Pad_D2.0mm",3.1000,-33.0500,0.0000,top
"TP6","","TestPoint_Pad_D2.0mm",3.1000,-37.1000,0.0000,top
"TP7","","TestPoint_Pad_D2.0mm",7.1500,-33.0500,0.0000,top
"TP8","","TestPoint_Pad_D2.0mm",7.1500,-37.1000,0.0000,top
"TP9","","TestPoint_Pad_D2.0mm",-5.0000,-22.9500,0.0000,top
"TP10","","TestPoint_Pad_D2.0mm",-5.0000,-27.0000,0.0000,top
"TP11","","TestPoint_Pad_D2.0mm",-11.0500,-22.9500,0.0000,top
"TP12","","TestPoint_Pad_D2.0mm",-11.0500,-27.0000,0.0000,top
"TP13","","TestPoint_Pad_D2.0mm",-11.0500,-31.0500,0.0000,top
"TP14","","TestPoint_Pad_D2.0mm",-11.0500,-35.1000,0.0000,top
"U1","BQ79616PAPRQ1","BQ79616PAPRQ1",33.6250,16.1250,0.0000,top
"U2","SM91502ALA-E","IC6_SM91502ALA-E_BRN",61.7000,15.0000,0.0000,top
"U3","SM91502ALA-E","IC6_SM91502ALA-E_BRN",61.7000,27.5000,0.0000,top
